タイプ,管理記号,管理番号,SKUグループ,カラー,SKU,プリント,パーツ名,使用数,用尺（m）,備考
共通,FA,001,LBL,RD レッド,LBL_RD,,709Z_74*49_RD,1,0.3,
共通,FA,002,LBL,MU マスタード,LBL_MU,,709Z_74*49_MU,1,0.3,
共通,FA,003,LBL,BE ベージュ,LBL_BE,,709Z_74*49_BE,1,0.3,
共通,FA,004,LBL,BR カーキブラウン,LBL_BR,,709Z_74*49_BR,1,0.3,
共通,FA,005,LBL,BL ブルー,LBL_BL,,709Z_74*49_BL,1,0.3,
共通,FA,006,LBL,NA ネイビー,LBL_NA,,709Z_74*49_NA,1,0.3,
共通,FA,007,LBM,RD レッド,LBM_RD,,709Z_63.5*44_RD,1,0.27,
共通,FA,008,LBM,MU マスタード,LBM_MU,,709Z_63.5*44_MU,1,0.27,
共通,FA,009,LBM,BE ベージュ,LBM_BE,,709Z_63.5*44_BE,1,0.27,
共通,FA,010,LBM,BR カーキブラウン,LBM_BR,,709Z_63.5*44_BR,1,0.27,
共通,FA,011,LBM,BL ブルー,LBM_BL,,709Z_63.5*44_BL,1,0.27,
共通,FA,012,LBM,NA ネイビー,LBM_NA,,709Z_63.5*44_NA,1,0.27,
共通,FA,013,LBS,RD レッド,LBS_RD,,709Z_53*38_RD,1,0.18,
共通,FA,014,LBS,MU マスタード,LBS_MU,,709Z_53*38_MU,1,0.18,
共通,FA,015,LBS,BE ベージュ,LBS_BE,,709Z_53*38_BE,1,0.18,
共通,FA,016,LBS,BR カーキブラウン,LBS_BR,,709Z_53*38_BR,1,0.18,
共通,FA,017,LBS,BL ブルー,LBS_BL,,709Z_53*38_BL,1,0.18,
共通,FA,018,LBS,NA ネイビー,LBS_NA,,709Z_53*38_NA,1,0.18,
共通,FA,019,LBSS,RD レッド,LBSS_RD,,709Z_53*28_RD,1,0.135,
共通,FA,020,LBSS,MU マスタード,LBSS_MU,,709Z_53*28_MU,1,0.135,
共通,FA,021,LBSS,BE ベージュ,LBSS_BE,,709Z_53*28_BE,1,0.135,
共通,FA,022,LBSS,BR カーキブラウン,LBSS_BR,,709Z_53*28_BR,1,0.135,
共通,FA,023,LBSS,BL ブルー,LBSS_BL,,709Z_53*28_BL,1,0.135,
共通,FA,024,LBSS,NA ネイビー,LBSS_NA,,709Z_53*28_NA,1,0.135,
共通,FA,001,LBL_NAME,RD レッド,LBL_NAME_RD,,709Z_74*49_RD,1,0.3,
共通,FA,002,LBL_NAME,MU マスタード,LBL_NAME_MU,,709Z_74*49_MU,1,0.3,
共通,FA,003,LBL_NAME,BE ベージュ,LBL_NAME_BE,,709Z_74*49_BE,1,0.3,
共通,FA,004,LBL_NAME,BR カーキブラウン,LBL_NAME_BR,,709Z_74*49_BR,1,0.3,
共通,FA,005,LBL_NAME,BL ブルー,LBL_NAME_BL,,709Z_74*49_BL,1,0.3,
共通,FA,006,LBL_NAME,NA ネイビー,LBL_NAME_NA,,709Z_74*49_NA,1,0.3,
共通,FA,007,LBM_NAME,RD レッド,LBM_NAME_RD,,709Z_63.5*44_RD,1,0.27,
共通,FA,008,LBM_NAME,MU マスタード,LBM_NAME_MU,,709Z_63.5*44_MU,1,0.27,
共通,FA,009,LBM_NAME,BE ベージュ,LBM_NAME_BE,,709Z_63.5*44_BE,1,0.27,
共通,FA,010,LBM_NAME,BR カーキブラウン,LBM_NAME_BR,,709Z_63.5*44_BR,1,0.27,
共通,FA,011,LBM_NAME,BL ブルー,LBM_NAME_BL,,709Z_63.5*44_BL,1,0.27,
共通,FA,012,LBM_NAME,NA ネイビー,LBM_NAME_NA,,709Z_63.5*44_NA,1,0.27,
共通,FA,013,LBS_NAME,RD レッド,LBS_NAME_RD,,709Z_53*38_RD,1,0.18,
共通,FA,014,LBS_NAME,MU マスタード,LBS_NAME_MU,,709Z_53*38_MU,1,0.18,
共通,FA,015,LBS_NAME,BE ベージュ,LBS_NAME_BE,,709Z_53*38_BE,1,0.18,
共通,FA,016,LBS_NAME,BR カーキブラウン,LBS_NAME_BR,,709Z_53*38_BR,1,0.18,
共通,FA,017,LBS_NAME,BL ブルー,LBS_NAME_BL,,709Z_53*38_BL,1,0.18,
共通,FA,018,LBS_NAME,NA ネイビー,LBS_NAME_NA,,709Z_53*38_NA,1,0.18,
共通,FA,019,LBSS_NAME,RD レッド,LBSS_NAME_RD,,709Z_53*28_RD,1,0.135,
共通,FA,020,LBSS_NAME,MU マスタード,LBSS_NAME_MU,,709Z_53*28_MU,1,0.135,
共通,FA,021,LBSS_NAME,BE ベージュ,LBSS_NAME_BE,,709Z_53*28_BE,1,0.135,
共通,FA,022,LBSS_NAME,BR カーキブラウン,LBSS_NAME_BR,,709Z_53*28_BR,1,0.135,
共通,FA,023,LBSS_NAME,BL ブルー,LBSS_NAME_BL,,709Z_53*28_BL,1,0.135,
共通,FA,024,LBSS_NAME,NA ネイビー,LBSS_NAME_NA,,709Z_53*28_NA,1,0.135,
個別,FA,025,SBDL,BK ブラック,SBDL_BK,P,11hanpu_73*26.5_BK,1,0.26,
個別,FA,026,SBDL,BL ブルー,SBDL_BL,P,11hanpu_73*26.5_BL,1,0.26,
個別,FA,027,SBDL,BR ブラウン,SBDL_BR,P,11hanpu_73*26.5_BR,1,0.26,
個別,FA,028,SBDL,KH カーキ,SBDL_KH,P,11hanpu_73*26.5_KH,1,0.26,
個別,FA,029,SBDL,OR サーモンオレンジ,SBDL_OR,P,11hanpu_73*26.5_OR,1,0.26,
個別,FA,030,SBDL,SP スモークピンク,SBDL_SP,P,11hanpu_73*26.5_SP,1,0.26,
個別,FA,031,SBDM,BK ブラック,SBDM_BK,P,11hanpu_63*23_BK,1,0.19,
個別,FA,032,SBDM,BL ブルー,SBDM_BL,P,11hanpu_63*23_BL,1,0.19,
個別,FA,033,SBDM,BR ブラウン,SBDM_BR,P,11hanpu_63*23_BR,1,0.19,
個別,FA,034,SBDM,KH カーキ,SBDM_KH,P,11hanpu_63*23_KH,1,0.19,
個別,FA,035,SBDM,OR サーモンオレンジ,SBDM_OR,P,11hanpu_63*23_OR,1,0.19,
個別,FA,036,SBDM,SP スモークピンク,SBDM_SP,P,11hanpu_63*23_SP,1,0.19,
個別,FA,037,SBL,BK ブラック,SBL_BK,P,80300_93*31.5_BK,1,0.33,
個別,FA,038,SBL,BL ブルー,SBL_BL,P,80300_93*31.5_BL,1,0.33,
個別,FA,039,SBL,BE ベージュ,SBL_BE,P,80300_93*31.5_BE,1,0.33,
個別,FA,040,SBL,PK ピンク,SBL_PK,P,77300_93*61.5_PK,1,0.33,
個別,FA,041,SBL,GY グレー,SBL_GY,P,77300_93*61.5_GY,1,0.33,
個別,FA,042,SBL,LA ラベンダー,SBL_LA,P,77300_93*61.5_LA,1,0.33,
個別,FA,043,SBM,BK ブラック,SBM_BK,P,80300_76*24_BK,1,0.2,
個別,FA,044,SBM,BL ブルー,SBM_BL,P,80300_76*24_BL,1,0.2,
個別,FA,045,SBM,BE ベージュ,SBM_BE,P,80300_76*24_BE,1,0.2,
個別,FA,046,SBM,PK ピンク,SBM_PK,P,77300_76*24_PK,1,0.2,
個別,FA,047,SBM,GY グレー,SBM_GY,P,77300_76*24_GY,1,0.2,
個別,FA,048,SBM,LA ラベンダー,SBM_LA,P,77300_76*24_LA,1,0.2,
個別,FA,049,TAL,BK ブラック,TAL_BK,P,80300_103*37.5_BK,1,0.4,
個別,FA,050,TAL,BL ブルー,TAL_BL,P,80300_103*37.5_BL,1,0.4,
個別,FA,051,TAL,BE ベージュ,TAL_BE,P,80300_103*37.5_BE,1,0.4,
個別,FA,052,TAL,PK ピンク,TAL_PK,P,77300_103*37.5_PK,1,0.4,
個別,FA,053,TAL,GY グレー,TAL_GY,P,77300_103*37.5_GY,1,0.4,
個別,FA,054,TAL,LA ラベンダー,TAL_LA,P,77300_103*37.5_LA,1,0.4,
個別,FA,055,TAM,BK ブラック,TAM_BK,P,80300_83*32_BK,1,0.29,
個別,FA,055,OMM,BK ブラック,OMM_BK,P,80300_83*32_BK,1,0.29,
個別,FA,056,TAM,BL ブルー,TAM_BL,P,80300_83*32_BL,1,0.29,
個別,FA,057,TAM,BE ベージュ,TAM_BE,P,80300_83*32_BE,1,0.29,
個別,FA,058,TAM,PK ピンク,TAM_PK,P,77300_83*32_PK,1,0.29,
個別,FA,059,TAM,GY グレー,TAM_GY,P,77300_83*32_GY,1,0.29,
個別,FA,059,OMM,GY グレー,OMM_GY,P,77300_83*32_GY,1,0.29,
個別,FA,060,TAM,LA ラベンダー,TAM_LA,P,77300_83*32_LA,1,0.29,
個別,FA,061,APM,ST ストライプ,APM_ST,P,麻混ST_72*29.5,1,,
個別,FA,062,APM,WH ホワイト,APM_WH,P,80200_72*29.5_WH,1,,
個別,FA,063,APS,BK ブラック,APS_BK,P,80200_56*24_BK,1,0.14,
個別,FA,063,DO,BK ブラック,DO_BK,P,80200_56*24_BK,1,0.14,
個別,FA,063,CL,BK ブラック,CL_BK,P,80200_56*24_BK,1,0.14,
個別,FA,063,KM,BK ブラック,KM_BK,P,80200_56*24_BK,1,0.14,
個別,FA,064,APS,GY グレー,APS_GY,P,80200_56*24_GY,1,0.14,
個別,FA,064,DO,GY グレー,DO_GY,P,80200_56*24_GY,1,0.14,
個別,FA,064,CL,GY グレー,CL_GY,P,80200_56*24_GY,1,0.14,
個別,FA,064,KM,GY グレー,KM_GY,P,80200_56*24_GY,1,0.14,
個別,FA,065,APS,WH ホワイト,APS_WH,P,80200_56*24_WH,1,0.14,
個別,FA,065,KM,WH ホワイト,KM_WH,P,80200_56*24_WH,1,0.14,
個別,FA,066,DO,BE ベージュ,DO_BE,P,80200_56*24_BE,1,0.14,
個別,FA,066,KM,BE ベージュ,KM_BE,P,80200_56*24_BE,1,0.14,
個別,FA,067,KM,BST ボーイストライプ,KM_BST,P,BST_56*24,1,,
個別,FA,068,KM,RST レッドストライプ,KM_RST,P,RST_56*24,1,,
個別,FA,069,KM,GCHE グレンチェック,KM_GCHE,P,GCHE_56*24,1,,
個別,FA,070,KM,HAT ハット,KM_HAT,P,HAT_56*24,1,,
個別,FA,071,KM,DOT ドット,KM_DOT,P,DOT_56*24,1,,
個別,FA,072,KM,FLW フラワー白,KM_FLW,P,FL_W_56*24,1,,
個別,FA,073,KM,FLB フラワー黒,KM_FLB,P,FL_B_56*24,1,,
個別,FA,074,KM,CAT ネコ,KM_CAT,P,CAT_56*24,1,,
個別,FA,075,KM,LURE ルアー,KM_LURE,P,LURE_56*24,1,,
個別,FA,076,KM,KABUTO_W,KM_KABUTO_W,P,KABUTO_W_56*24,1,,
個別,FA,077,KM,KABUTO_B,KM_KABUTO_B,P,KABUTO_B_56*24,1,,
個別,FA,078,KM,REX_BE 恐竜ベージュ,KM_REX_BE,P,REX_BE_56*24,1,,
個別,FA,079,KM,REX_BK 恐竜黒,KM_REX_BK,P,REX_BK_56*24,1,,
個別,FA,080,KM,REX_MN 恐竜モノクロ,KM_REX_MN,P,REX_MN_56*24,1,,
個別,FA,081,HA,GY グレー,HA_GY,P,80200_55*18.5_GY,1,0.11,
個別,FA,082,HA,BE ベージュ,HA_BE,P,80200_55*18.5_BE,1,0.11,
個別,FA,083,HA,BK ブラック,HA_BK,P,80200_55*18.5_BK,1,0.11,
個別,FA,084,HA,WH ホワイト,HA_WH,P,80200_55*18.5_WH,1,0.11,
個別,FA,085,CUP,GY グレー,CUP_GY,P,80200_45*19.5_GY,1,0.09,
個別,FA,086,CUP,BE ベージュ,CUP_BE,P,80200_45*19.5_BE,1,0.09,
個別,FA,087,CUP,BK ブラック,CUP_BK,P,80200_45*19.5_BK,1,0.09,
個別,FA,088,CUP,WH ホワイト,CUP_WH,P,80200_45*19.5_WH,1,0.09,
個別,FA,089,CUP,BST ボーイストライプ,CUP_BST,P,BST_45*19.5,1,,
個別,FA,090,CUP,RST レッドストライプ,CUP_RST,P,RST_45*19.5,1,,
個別,FA,091,CUP,DOT ドット,CUP_DOT,P,DOT_45*19.5,1,,
個別,FA,092,CUP,FLW フラワー白,CUP_FLW,P,FL_W_45*19.5,1,,
個別,FA,093,CUP,FLB フラワー黒,CUP_FLB,P,FL_B_45*19.5,1,,
個別,FA,094,CUP,CAT ネコ,CUP_CAT,P,CAT_45*19.5,1,,
個別,FA,095,CUP,LURE ルアー,CUP_LURE,P,LURE_45*19.5,1,,
個別,FA,096,MASK,N ノーマル,MASK_N,P,11264_31*17,1,0.06,
個別,FA,097,MASK,W ワイド,MASK_W,P,11264_31*21,1,0.06,
個別,FA,098,SNAP,KH カーキ,SNAP_KH,,41033_146*42_KH,1,0.42,
個別,FA,099,SNAP,NA ネイビー,SNAP_NA,,41033_146*42_NA,1,0.42,
個別,FA,100,PNAP,BL ブルー,PNAP_BL,,701_102*42_BL,1,0.42,
個別,FA,101,PNAP,BE ベージュ,PNAP_BE,,701_102*42_BE,1,0.42,
個別,FA,102,PNAP,OR サーモンオレンジ,PNAP_OR,,701_102*42_OR,1,0.42,
個別,FA,103,PNAP,PK ピンク,PNAP_PK,,701_102*42_PK,1,0.42,
個別,FA,104,IBL,KI 生成,IBL_KI,,11264_74*49,1,0.37,
個別,FA,105,IBM,KI 生成,IBM_KI,,11264_63.5*44,1,0.32,
個別,FA,106,IBSS,KI 生成,IBSS_KI,,11264_53*28,1,0.18,
個別,FA,107,TP,RD レッド,TP_RD,,709Z_RD_a,1,,
個別,FA,108,TP,RD レッド,TP_RD,,709Z_RD_b,1,,
個別,FA,109,TP,MU マスタード,TP_MU,,709Z_MU_a,1,,
個別,FA,110,TP,MU マスタード,TP_MU,,709Z_MU_b,1,,
個別,FA,111,TP,BE ベージュ,TP_BE,,709Z_BE_a,1,,
個別,FA,112,TP,BE ベージュ,TP_BE,,709Z_BE_b,1,,
個別,FA,113,TP,BR カーキブラウン,TP_BR,,709Z_BR_a,1,,
個別,FA,114,TP,BR カーキブラウン,TP_BR,,709Z_BR_b,1,,
個別,FA,115,TP,BL ブルー,TP_BL,,709Z_BL_a,1,,
個別,FA,116,TP,BL ブルー,TP_BL,,709Z_BL_b,1,,
個別,FA,117,TP,NA ネイビー,TP_NA,,709Z_NA_a,1,,
個別,FA,118,TP,NA ネイビー,TP_NA,,709Z_NA_b,1,,
個別,FA,119,FBM,AP メローアプリコット,FBM_AP,,210_63.5*44_AP,1,0.64,
個別,FA,120,FBM,BL ラムネブルー,FBM_BL,,210_63.5*44_BL,1,0.64,
個別,FA,121,FBM,LE レモンクリーム,FBM_LE,,210_63.5*44_LE,1,0.64,
共通,FA,122,LBL,SB サンドベージュ,LBL_SB,,709Z_74*49_SB,1,0.3,
共通,FA,123,LBL,GY チャコールグレー,LBL_GY,,709Z_74*49_GY,1,0.3,
共通,FA,124,LBM,SB サンドベージュ,LBM_SB,,709Z_63.5*44_SB,1,0.27,
共通,FA,125,LBM,GY チャコールグレー,LBM_GY,,709Z_63.5*44_GY,1,0.27,
共通,FA,126,LBS,SB サンドベージュ,LBS_SB,,709Z_53*38_SB,1,0.18,
共通,FA,127,LBS,GY チャコールグレー,LBS_GY,,709Z_53*38_GY,1,0.18,
共通,FA,128,LBSS,SB サンドベージュ,LBSS_SB,,709Z_53*28_SB,1,0.135,
共通,FA,129,LBSS,GY チャコールグレー,LBSS_GY,,709Z_53*28_GY,1,0.135,
共通,FA,130,LBL,BK ブラック,LBL_BK,,709Z_74*49_BK,1,0.3,
共通,FA,131,LBM,BK ブラック,LBM_BK,,709Z_63.5*44_BK,1,0.27,
共通,FA,132,LBS,BK ブラック,LBS_BK,,709Z_53*38_BK,1,0.18,
共通,FA,133,LBSS,BK ブラック,LBSS_BK,,709Z_53*28_BK,1,0.135,